bone_name,screen_pos_x,screen_pos_y
head,259.022919,40.617382
neck_01,260.349548,69.112228
upperarm_r,234.591614,93.433601
lowerarm_r,228.594574,117.537216
RightHand,232.409286,150.219894
upperarm_l,283.973907,87.045204
lowerarm_l,288.725250,111.110634
LeftHand,288.552368,145.638641
thigh_r,248.313354,138.177750
calf_r,250.994293,171.623947
foot_r,252.344604,192.473938
thigh_l,269.230499,136.138657
calf_l,270.028320,170.453796
foot_l,267.418274,191.067932
